{"cameraMode":{"drawMode":0,"name":"Shaded","section":"Shading Mode"},"sceneLighting":true,"audioPlay":false,"sceneViewState":{"showFog":false,"showMaterialUpdate":true,"showSkybox":true,"showFlares":true,"showImageEffects":true,"showParticleSystems":true},"in2DMode":false,"pivot":{"x":-232.4737548828125,"y":-96.47731018066406,"z":-242.02505493164063},"rotation":{"x":0.09880822896957398,"y":-0.850676417350769,"z":0.17272751033306123,"w":0.4866273105144501},"size":312.64959716796877,"orthographic":false}