{"cameraMode":{"drawMode":0,"name":"Shaded","section":"Shading Mode"},"sceneLighting":true,"audioPlay":false,"sceneViewState":{"showFog":false,"showMaterialUpdate":true,"showSkybox":true,"showFlares":true,"showImageEffects":true,"showParticleSystems":true},"in2DMode":false,"pivot":{"x":223.07638549804688,"y":125.41649627685547,"z":24.136037826538087},"rotation":{"x":0.20582053065299989,"y":0.06892485171556473,"z":-0.014533028937876225,"w":0.9760599136352539},"size":9.072038650512696,"orthographic":false}