{"cameraMode":{"drawMode":0,"name":"Shaded","section":"Shading Mode"},"sceneLighting":true,"audioPlay":false,"sceneViewState":{"showFog":false,"showMaterialUpdate":true,"showSkybox":true,"showFlares":true,"showImageEffects":true,"showParticleSystems":true},"in2DMode":false,"pivot":{"x":70.75138854980469,"y":-89.624267578125,"z":341.9440612792969},"rotation":{"x":0.27951139211654665,"y":-0.18433250486850739,"z":0.05477271229028702,"w":0.9406972527503967},"size":216.0972900390625,"orthographic":false}