{"cameraMode":{"drawMode":0,"name":"Shaded","section":"Shading Mode"},"sceneLighting":true,"audioPlay":false,"sceneViewState":{"showFog":false,"showMaterialUpdate":true,"showSkybox":true,"showFlares":true,"showImageEffects":true,"showParticleSystems":true},"in2DMode":false,"pivot":{"x":334.41796875,"y":-17.473230361938478,"z":-1037.9713134765625},"rotation":{"x":-0.003470257157459855,"y":-0.9964534044265747,"z":0.06668589264154434,"w":-0.051748886704444888},"size":546.550048828125,"orthographic":false}