{"cameraMode":{"drawMode":0,"name":"Shaded","section":"Shading Mode"},"sceneLighting":true,"audioPlay":false,"sceneViewState":{"showFog":false,"showMaterialUpdate":true,"showSkybox":true,"showFlares":true,"showImageEffects":true,"showParticleSystems":true},"in2DMode":false,"pivot":{"x":237.32632446289063,"y":-60.46274948120117,"z":-818.4793701171875},"rotation":{"x":0.0007676993845961988,"y":0.9940943717956543,"z":-0.10861106216907501,"w":0.007438679691404104},"size":434.8608703613281,"orthographic":false}