{"cameraMode":{"drawMode":0,"name":"Shaded","section":"Shading Mode"},"sceneLighting":false,"audioPlay":false,"sceneViewState":{"showFog":false,"showMaterialUpdate":true,"showSkybox":false,"showFlares":true,"showImageEffects":true,"showParticleSystems":true},"in2DMode":false,"pivot":{"x":-0.7728862762451172,"y":6.691467761993408,"z":0.27144575119018557},"rotation":{"x":0.11574201285839081,"y":-0.07411164045333862,"z":0.008660049177706242,"w":0.9905040860176086},"size":13.446187973022461,"orthographic":false}