{"cameraMode":{"drawMode":0,"name":"Shaded","section":"Shading Mode"},"sceneLighting":false,"audioPlay":false,"sceneViewState":{"showFog":false,"showMaterialUpdate":true,"showSkybox":false,"showFlares":true,"showImageEffects":true,"showParticleSystems":true},"in2DMode":false,"pivot":{"x":0.8012113571166992,"y":0.629575788974762,"z":7.865715980529785},"rotation":{"x":0.20582053065299989,"y":0.06892485171556473,"z":-0.014533028937876225,"w":0.9760599136352539},"size":10.0,"orthographic":false}