{"cameraMode":{"drawMode":0,"name":"Shaded","section":"Shading Mode"},"sceneLighting":true,"audioPlay":false,"sceneViewState":{"showFog":false,"showMaterialUpdate":true,"showSkybox":true,"showFlares":true,"showImageEffects":true,"showParticleSystems":true},"in2DMode":false,"pivot":{"x":73.53319549560547,"y":99.53421783447266,"z":-97.96871185302735},"rotation":{"x":0.014299236238002777,"y":-0.9472066164016724,"z":0.042651884257793429,"w":0.31747961044311526},"size":119.77830505371094,"orthographic":false}