{"cameraMode":{"drawMode":0,"name":"Shaded","section":"Shading Mode"},"sceneLighting":true,"audioPlay":false,"sceneViewState":{"showFog":false,"showMaterialUpdate":true,"showSkybox":true,"showFlares":true,"showImageEffects":true,"showParticleSystems":true},"in2DMode":false,"pivot":{"x":236.34759521484376,"y":-996.7713012695313,"z":-2336.482421875},"rotation":{"x":-0.0005261735059320927,"y":-0.9752985239028931,"z":0.22098909318447114,"w":-0.0023324124049395324},"size":1318.3013916015625,"orthographic":false}