{"cameraMode":{"drawMode":0,"name":"Shaded","section":"Shading Mode"},"sceneLighting":false,"audioPlay":false,"sceneViewState":{"showFog":false,"showMaterialUpdate":true,"showSkybox":false,"showFlares":true,"showImageEffects":true,"showParticleSystems":true},"in2DMode":false,"pivot":{"x":0.009681463241577149,"y":0.02110469341278076,"z":-0.3054773807525635},"rotation":{"x":0.20582053065299989,"y":0.06892485171556473,"z":-0.014533028937876225,"w":0.9760599136352539},"size":2.557612657546997,"orthographic":false}